{
  "N": 154,
  "median_energy_saving_%": 97.19752509345184,
  "median_runtime_speedup_%": 96.69805267536262,
  "ci_energy_saving_%_95": [
    96.93609504952659,
    97.55050763351616
  ],
  "ci_runtime_speedup_%_95": [
    96.266333436232,
    96.98547732206015
  ],
  "wilcoxon_energy_p_one_sided": 2.532643556300401e-27,
  "wilcoxon_runtime_p_one_sided": 2.532643556300401e-27,
  "ttest_energy_p_one_sided": 0.00020654123799231517,
  "ttest_runtime_p_one_sided": 0.00018195420678395247
}