{
  "N_before": 97,
  "N_after": 57,
  "energy_saving_before_median_%": 97.11062711378572,
  "energy_saving_before_CI95_%": [
    96.59430845341004,
    97.44091934817696
  ],
  "energy_saving_after_median_%": 97.47020302865586,
  "energy_saving_after_CI95_%": [
    96.92147553424194,
    97.87054433030457
  ],
  "runtime_speedup_before_median_%": 96.6956416306218,
  "runtime_speedup_before_CI95_%": [
    95.96894223283708,
    96.93838328305827
  ],
  "runtime_speedup_after_median_%": 96.95961289617678,
  "runtime_speedup_after_CI95_%": [
    95.96545136665125,
    97.24187099137994
  ],
  "mannwhitney_energy_p": 0.0838458222103132,
  "mannwhitney_runtime_p": 0.12405990155422834
}